{
  "project_info": {
    "project_number": "327140864742",
    "firebase_url": "https://jokebook-87c3b.firebaseio.com",
    "project_id": "jokebook-87c3b",
    "storage_bucket": "jokebook-87c3b.appspot.com"
  },
  "client": [
    {
      "client_info": {
        "mobilesdk_app_id": "1:327140864742:android:5dd8564dcdc7d3bd",
        "android_client_info": {
          "package_name": "com.example.jokebook"
        }
      },
      "oauth_client": [
        {
          "client_id": "327140864742-d8n42vqnavvrfrtrfkd97g1a97v95qa2.apps.googleusercontent.com",
          "client_type": 1,
          "android_info": {
            "package_name": "com.example.jokebook",
            "certificate_hash": "6c5842427a17b8f4c72082cc92495be99624b9ca"
          }
        },
        {
          "client_id": "327140864742-mnif8nr8ekrv9ura1lrunoekfaol0htf.apps.googleusercontent.com",
          "client_type": 3
        }
      ],
      "api_key": [
        {
          "current_key": "AIzaSyCD-zfwjyOjcKcSJAQM9KpHJbzsw_yLJmc"
        }
      ],
      "services": {
        "appinvite_service": {
          "other_platform_oauth_client": [
            {
              "client_id": "327140864742-mnif8nr8ekrv9ura1lrunoekfaol0htf.apps.googleusercontent.com",
              "client_type": 3
            }
          ]
        }
      }
    }
  ],
  "configuration_version": "1"
}